Course Name,Instructor Name,Overall Course Rating,Instructor Rating,Course Difficulty,Usefulness of Material,Engagement Level,Workload,Comments/Feedback,Would Recommend,Preferred Learning Style,Improvement Suggestions,Sentiment,Processed_Feedback,Topic,Summary,Recommendation
Advanced Medical Device Software Engineering,"Ghobreal, Bemin",1,4,2,2,4,Low,the instructor was engaging but the course material could be simplified,No,Online,Consider adding guest lectures from industry professionals.,Mixed,"['instructor', 'engaging', 'course', 'material', 'could', 'simplified']",0,"- The instructor was engaging and dynamic
- The course material was too complex and could be simplified for better understanding",No specific recommendation.
Advanced Business Process Engineering,"Graham, Nichole",4,5,4,3,1,Low,detailed course but the instructor should provide more resources,Yes,Lecture,Provide sample solutions for complex problems.,Negative sentiment,"['detailed', 'course', 'instructor', 'provide', 'resources']",0,"The feedback suggests that the course is detailed, but the instructor should provide more resources for students. This could include additional readings, videos, or practice exercises to enhance the learning experience.",No specific recommendation.
Advanced Business Process Engineering,"Sabbouh, Marwan",3,4,5,1,4,Moderate,great introduction to complex topics but felt rushed,Yes,Hands-on,Add more hands-on assignments to reinforce learning.,Mixed sentiment,"['great', 'introduction', 'complex', 'topics', 'felt', 'rushed']",2,"- The introduction to complex topics was great
- The pace of the presentation felt rushed",No specific recommendation.
Advances in Data Sciences and Architecture,"Sabbouh, Marwan",3,2,5,2,1,High,the instructors support made a huge difference,Yes,Lecture,Incorporate more practical exercises during lectures.,Positive sentiment,"['instructors', 'support', 'made', 'huge', 'difference']",1,"- The instructors' support was crucial
- It made a huge difference in the experience
- The instructors played a significant role in the success or improvement of the situation or task at hand",No specific recommendation.
Application Modeling and Design,"Shi, Shiaoming",4,1,5,5,4,Low,engaging lectures but assignments were a bit complex,No,Online,Incorporate more practical exercises during lectures.,Mixed sentiment,"['engaging', 'lectures', 'assignments', 'bit', 'complex']",1,"-The lectures were engaging
-Assignments were complex",No specific recommendation.
Advances in Data Sciences and Architecture,"Fannin, David",4,3,3,5,2,Low,engaging course though challenging at times,No,Lecture,Include weekly quizzes to track progress.,Positive,"['engaging', 'course', 'though', 'challenging', 'times']",2,"- The course is engaging 
- The course can be challenging at times",No specific recommendation.
Advanced Business Process Engineering,"Shi, Shiaoming",4,1,4,5,1,High,instructor provided good feedback which was very helpful,Yes,Online,Add office hours for better support.,Positive,"['instructor', 'provided', 'good', 'feedback', 'helpful']",0,The instructor provided helpful feedback that was beneficial to the recipient.,No specific recommendation.
Advances in Data Sciences and Architecture,"Lelashvili, Archil",4,1,1,4,5,Low,this course exceeded my expectations and i learned a lot,No,Lecture,Provide sample solutions for complex problems.,Positive sentiment,"['course', 'exceeded', 'expectations', 'learned', 'lot']",0,"- The course exceeded expectations
- Learned a lot from the course",No specific recommendation.
Advanced Big-Data Applications and Indexing Techniques,"Shi, Shiaoming",5,2,1,3,5,High,engaging course though challenging at times,No,Lecture,Add office hours for better support.,Positive sentiment.,"['engaging', 'course', 'though', 'challenging', 'times']",2,"- The course is engaging
- The course is challenging at times",No specific recommendation.
Advanced User Experience Research,"Padmanabhan, Neeresh",3,4,1,4,3,High,engaging course though challenging at times,Yes,Hands-on,Increase class duration to cover topics thoroughly.,Overall positive sentiment.,"['engaging', 'course', 'though', 'challenging', 'times']",2,"- The course is engaging
- The course can be challenging at times",No specific recommendation.
Accounting and Budgetary Systems for Engineers,"Padmanabhan, Neeresh",2,3,5,1,3,Low,course provided new insights into the industry standards,No,Hands-on,Add more visual aids and diagrams for explanations.,Positive,"['course', 'provided', 'new', 'insights', 'industry', 'standards']",0,"- The course provided new insights
- Specifically focused on industry standards",No specific recommendation.
Advanced Medical Device Software Engineering,"Sabbouh, Marwan",5,2,2,1,3,High,interesting topics though some parts felt repetitive,Yes,Lecture,Provide additional resources for self-study.,Neutral sentiment,"['interesting', 'topics', 'though', 'parts', 'felt', 'repetitive']",2,"- Topics were interesting
- Some parts felt repetitive",No specific recommendation.
Application Engineering and Development,"Sabbouh, Marwan",2,5,3,3,3,High,instructor provided good feedback which was very helpful,Yes,Hands-on,Reduce workload slightly to balance with other courses.,Positive sentiment,"['instructor', 'provided', 'good', 'feedback', 'helpful']",0,"- The instructor's feedback was good
- The feedback was very helpful",No specific recommendation.
Advances in Data Sciences and Architecture,"Graham, Nichole",3,5,2,2,2,High,interesting topics though some parts felt repetitive,No,Lecture,Offer flexibility in assignment deadlines.,Neutral,"['interesting', 'topics', 'though', 'parts', 'felt', 'repetitive']",2,"- The feedback mentions that the topics discussed were interesting 
- Some parts of the content felt repetitive to the reader",No specific recommendation.
Advanced User Experience Research,"Ghobreal, Bemin",1,1,1,4,1,Moderate,helpful course for understanding basics workload was manageable,No,Lecture,Clarify expectations on assignments and projects.,positive,"['helpful', 'course', 'understanding', 'basics', 'workload', 'manageable']",2,"- The course was helpful for understanding the basics
- The workload was manageable",No specific recommendation.
Accounting and Budgetary Systems for Engineers,"Shi, Shiaoming",5,3,2,2,1,Low,the topics covered were exactly what i needed for my role,Yes,Online,Incorporate more practical exercises during lectures.,Positive sentiment,"['topics', 'covered', 'exactly', 'needed', 'role']",1,"- The topics covered were relevant to the individual's role
- The content was exactly what was needed
- The feedback was positive and indicates satisfaction with the training or information provided",No specific recommendation.
Agile Software Development,"Graham, Nichole",5,2,5,1,3,High,the instructor used clear examples but pace was fast,Yes,Lecture,Organize extra review sessions before exams.,Neutral,"['instructor', 'used', 'clear', 'examples', 'pace', 'fast']",0,"- The instructor provided clear examples
- The pace of the instruction was fast",No specific recommendation.
Advances in Data Sciences and Architecture,"Brown, Nicholas",5,1,1,3,5,Low,would recommend to anyone interested in the field,No,Lecture,Offer flexibility in assignment deadlines.,Positive sentiment,"['would', 'recommend', 'anyone', 'interested', 'field']",2,The feedback is positive and recommends the product or service to anyone interested in the field.,No specific recommendation.
Business Analysis and Information Engineering,"Brown, Nicholas",5,4,3,1,5,Low,the topics covered were exactly what i needed for my role,Yes,Online,Organize extra review sessions before exams.,Positive sentiment,"['topics', 'covered', 'exactly', 'needed', 'role']",1,"- The topics covered were exactly what the individual needed for their role
- The feedback indicates that the content was relevant and useful for their job duties",No specific recommendation.
Advanced Medical Device Software Engineering,"Graham, Nichole",5,3,1,3,5,Moderate,would recommend this course to anyone interested in advanced topics,Yes,Hands-on,Offer flexibility in assignment deadlines.,Positive sentiment.,"['would', 'recommend', 'course', 'anyone', 'interested', 'advanced', 'topics']",2,"- Highly recommends the course
- Suitable for individuals interested in advanced topics
- Positive overall experience with the course",No specific recommendation.
Advanced Medical Device Software Engineering,"Pettiford, Shannon",4,2,5,5,5,High,the topics covered were exactly what i needed for my role,No,Online,Organize extra review sessions before exams.,Positive sentiment,"['topics', 'covered', 'exactly', 'needed', 'role']",1,"- The topics covered were relevant to the individual's role
- The content was exactly what was needed
- The feedback was positive and indicated satisfaction with the training or information provided",No specific recommendation.
Application Modeling and Design,"Graham, Nichole",4,2,3,1,3,Moderate,the course was a bit too theoretical more practical examples needed,No,Hands-on,Add more visual aids and diagrams for explanations.,Negative sentiment,"['course', 'bit', 'theoretical', 'practical', 'examples', 'needed']",1,"- The course was too theoretical
- More practical examples are needed
- The feedback suggests a desire for a better balance between theory and practical application in the course.",No specific recommendation.
Business Analysis and Information Engineering,"Fannin, David",5,4,2,4,5,Moderate,instructor explained concepts well but course could use more realworld examples,No,Hands-on,Offer more opportunities for group projects.,mixed,"['instructor', 'explained', 'concepts', 'well', 'course', 'could', 'use', 'realworld', 'examples']",0,"The instructor effectively explained concepts, but the course could benefit from incorporating more real-world examples to enhance understanding.",No specific recommendation.
Advanced Medical Device Software Engineering,"Padmanabhan, Neeresh",2,4,2,3,5,High,the course was wellorganized and the instructor was very helpful,No,Lecture,Offer more opportunities for group projects.,Positive sentiment,"['course', 'wellorganized', 'instructor', 'helpful']",0,"- The course was well-organized
- The instructor was very helpful",No specific recommendation.
Business Analysis and Information Engineering,"Padmanabhan, Neeresh",4,4,1,2,4,Low,assignments were welldesigned but took a lot of time,No,Online,Allow for more interactive Q&A sessions in class.,Negative,"['assignments', 'welldesigned', 'took', 'lot', 'time']",0,"The assignments were well-designed, but they required a significant amount of time to complete.",No specific recommendation.
Advanced Business Process Engineering,"Lelashvili, Archil",1,2,2,2,3,Moderate,really enjoyed the practical exercises included,Yes,Lecture,Offer more opportunities for group projects.,Positive sentiment,"['really', 'enjoyed', 'practical', 'exercises', 'included']",1,"-The practical exercises included were enjoyable 
-The feedback was positive and indicated a high level of satisfaction 
-The exercises were engaging and effective in enhancing the learning experience",No specific recommendation.
Application Modeling and Design,"Brown, Nicholas",4,2,1,1,1,Moderate,learned new skills but found the workload high,Yes,Online,Increase class duration to cover topics thoroughly.,Mixed sentiment,"['learned', 'new', 'skills', 'found', 'workload', 'high']",0,The individual learned new skills but found the workload to be high.,No specific recommendation.
Advances in Data Sciences and Architecture,"Ghobreal, Bemin",3,1,2,2,2,Low,the instructor was knowledgeable and approachable,No,Hands-on,Provide additional resources for self-study.,Positive,"['instructor', 'knowledgeable', 'approachable']",0,"- The instructor was knowledgeable
- The instructor was approachable",No specific recommendation.
Advanced User Experience Research,"Sabbouh, Marwan",1,3,3,2,5,Low,the instructor used clear examples but pace was fast,Yes,Lecture,Increase class duration to cover topics thoroughly.,Neutral,"['instructor', 'used', 'clear', 'examples', 'pace', 'fast']",0,"- The instructor provided clear examples
- The pace of the instruction was fast",No specific recommendation.
Application Modeling and Design,"Pettiford, Shannon",2,3,3,2,2,Low,very informative and wellstructured course enjoyed it,No,Online,Offer flexibility in assignment deadlines.,Positive,"['informative', 'wellstructured', 'course', 'enjoyed']",1,"The feedback highlights that the course was informative, well-structured, and enjoyable.",No specific recommendation.
Application Engineering and Development,"Bugrara, Khaled",3,3,2,2,2,Moderate,engaging course though challenging at times,No,Hands-on,Provide sample solutions for complex problems.,Positive,"['engaging', 'course', 'though', 'challenging', 'times']",2,"- The course is engaging 
- Some parts of the course are challenging",No specific recommendation.
Advances in Data Sciences and Architecture,"Fannin, David",2,4,1,4,3,Moderate,great introduction to complex topics but felt rushed,No,Online,Offer more opportunities for group projects.,Neutral,"['great', 'introduction', 'complex', 'topics', 'felt', 'rushed']",2,"- The feedback praises the introduction to complex topics
- The feedback mentions that the presentation felt rushed",No specific recommendation.
Advanced User Experience Research,"Pettiford, Shannon",5,1,1,5,4,Low,learned new skills but found the workload high,No,Online,Include case studies related to industry trends.,Negative sentiment,"['learned', 'new', 'skills', 'found', 'workload', 'high']",0,The feedback states that the individual learned new skills but found the workload to be high.,No specific recommendation.
Advanced Big-Data Applications and Indexing Techniques,"Sabbouh, Marwan",1,5,4,5,1,High,instructor gave detailed explanations great learning experience,Yes,Hands-on,Add more hands-on assignments to reinforce learning.,Positive,"['instructor', 'gave', 'detailed', 'explanations', 'great', 'learning', 'experience']",0,"The instructor provided detailed explanations, making the learning experience great.",No specific recommendation.
Accounting and Budgetary Systems for Engineers,"Fannin, David",4,3,3,4,5,High,found the course challenging but insightful,No,Online,Add office hours for better support.,Positive sentiment,"['found', 'course', 'challenging', 'insightful']",0,"- The course was challenging
- The course was insightful",No specific recommendation.
Agile Software Development,"Fannin, David",1,1,5,4,2,Low,would have liked more examples and case studies,Yes,Lecture,Include more real-world examples to clarify concepts.,Neutral,"['would', 'liked', 'examples', 'case', 'studies']",0,The feedback suggests that the person would have preferred more examples and case studies to be included in the content. They feel that having more real-life examples would have enhanced their understanding and engagement with the material.,No specific recommendation.
Application Modeling and Design,"Bugrara, Khaled",1,3,4,3,5,Low,would recommend this course to anyone interested in advanced topics,Yes,Lecture,Include case studies related to industry trends.,Positive sentiment,"['would', 'recommend', 'course', 'anyone', 'interested', 'advanced', 'topics']",2,The individual highly recommends this course to anyone interested in advanced topics.,No specific recommendation.
Application Modeling and Design,"Bugrara, Khaled",5,1,2,3,2,Low,helpful course for understanding basics workload was manageable,Yes,Online,Add office hours for better support.,Positive sentiment,"['helpful', 'course', 'understanding', 'basics', 'workload', 'manageable']",2,"- The course was helpful for understanding the basics
- The workload was manageable",No specific recommendation.
Business Analysis and Information Engineering,"Graham, Nichole",5,1,2,4,1,High,instructor gave detailed explanations great learning experience,No,Lecture,Consider adding guest lectures from industry professionals.,Positive sentiment,"['instructor', 'gave', 'detailed', 'explanations', 'great', 'learning', 'experience']",0,"The instructor provided detailed explanations, making it a great learning experience.",No specific recommendation.
Advanced Business Process Engineering,"Graham, Nichole",2,4,1,5,2,Low,great introduction to complex topics but felt rushed,No,Lecture,Provide detailed feedback on assignments.,Neutral sentiment,"['great', 'introduction', 'complex', 'topics', 'felt', 'rushed']",2,"- The introduction to complex topics was great
- The pacing of the presentation felt rushed",No specific recommendation.
Accounting and Budgetary Systems for Engineers,"Brown, Nicholas",1,5,3,3,5,High,more guidance on projects would have been helpful,No,Online,Offer flexibility in assignment deadlines.,Negative sentiment,"['guidance', 'projects', 'would', 'helpful']",0,The feedback suggests that more guidance on projects would have been beneficial.,No specific recommendation.
Advanced User Experience Research,"Sabbouh, Marwan",4,2,4,2,4,Moderate,workload was high but i gained valuable skills,No,Online,Offer flexibility in assignment deadlines.,Positive sentiment,"['workload', 'high', 'gained', 'valuable', 'skills']",1,"- Workload was high
- Gained valuable skills",No specific recommendation.
Advanced User Experience Research,"Pettiford, Shannon",1,1,4,1,2,High,the instructors support made a huge difference,Yes,Online,Provide detailed feedback on assignments.,Positive sentiment,"['instructors', 'support', 'made', 'huge', 'difference']",1,"- The instructors' support was significant
- Their support had a positive impact
- The instructors made a huge difference in the situation",No specific recommendation.
Accounting and Budgetary Systems for Engineers,"Graham, Nichole",5,1,1,3,1,Moderate,the instructors support made a huge difference,Yes,Lecture,Provide detailed feedback on assignments.,Positive,"['instructors', 'support', 'made', 'huge', 'difference']",1,"- The instructors provided significant support
- Their support had a positive impact
- The support was crucial for success",No specific recommendation.
Advanced Business Process Engineering,"Lelashvili, Archil",5,2,2,5,1,High,the instructor used clear examples but pace was fast,Yes,Online,Allow more time for project completion.,Positive and constructive,"['instructor', 'used', 'clear', 'examples', 'pace', 'fast']",0,"- The instructor provided clear examples
- The pace of the instruction was fast",No specific recommendation.
Business Analysis and Information Engineering,"Pettiford, Shannon",5,5,1,5,3,Moderate,beneficial course with a lot of applicable knowledge,No,Online,Organize extra review sessions before exams.,Positive,"['beneficial', 'course', 'lot', 'applicable', 'knowledge']",0,"- The course is beneficial
- Contains a lot of applicable knowledge",No specific recommendation.
Application Modeling and Design,"Fannin, David",2,1,3,3,3,Low,the instructor was supportive and the examples were practical,Yes,Hands-on,Offer flexibility in assignment deadlines.,Positive,"['instructor', 'supportive', 'examples', 'practical']",0,The feedback highlights that the instructor was supportive and provided practical examples.,No specific recommendation.
Agile Software Development,"Padmanabhan, Neeresh",1,5,3,4,5,High,the material was a bit challenging but it was very rewarding,Yes,Hands-on,Clarify expectations on assignments and projects.,Positive sentiment,"['material', 'bit', 'challenging', 'rewarding']",1,"The material was difficult, but ultimately rewarding.",No specific recommendation.
Agile Software Development,"Pettiford, Shannon",5,1,5,1,2,High,the topics covered were exactly what i needed for my role,Yes,Online,Provide additional resources for self-study.,Positive,"['topics', 'covered', 'exactly', 'needed', 'role']",1,"- The topics covered were relevant to the individual's role
- The content was exactly what was needed 
- The feedback was positive and indicated satisfaction with the training or information provided",No specific recommendation.
Business Analysis and Information Engineering,"Ghobreal, Bemin",5,1,5,4,5,Low,useful course with a strong focus on key concepts,Yes,Hands-on,Increase class duration to cover topics thoroughly.,Positive sentiment,"['useful', 'course', 'strong', 'focus', 'key', 'concepts']",0,The course is useful and has a strong focus on key concepts.,No specific recommendation.
